{
  "1": {
    "action": "test",
    "subject": 1,
    "difficulty": 3,
    "test_score": 2.3696500792926027,
    "reward": -2.0,
    "skills": [8.531860088849403, 0.0, 1.374317918378292],
    "step": 1,
    "episode": 30
  },
  "2": {
    "action": "train",
    "subject": 3,
    "difficulty": 3,
    "improvement": 0.10890714104609374,
    "learning_type": 3,
    "reward": -1.0,
    "skills": [8.531860088849403, 0.0, 1.4832250594243859],
    "step": 2,
    "episode": 30
  },
  "3": {
    "action": "test",
    "subject": 3,
    "difficulty": 2,
    "test_score": 1.843964584956566,
    "reward": -11.210082978468629,
    "skills": [8.531860088849403, 0.0, 1.4832250594243859],
    "step": 3,
    "episode": 30
  },
  "4": {
    "action": "test",
    "subject": 1,
    "difficulty": 2,
    "test_score": 5.987176696484559,
    "reward": -3.732050807568877,
    "skills": [8.531860088849403, 0.0, 1.4832250594243859],
    "step": 4,
    "episode": 30
  },
  "5": {
    "action": "train",
    "subject": 3,
    "difficulty": 1,
    "improvement": 1.5966689386430102,
    "learning_type": 3,
    "reward": -2.0,
    "skills": [8.531860088849403, 0.0, 3.079893998067396],
    "step": 5,
    "episode": 30
  },
  "6": {
    "action": "test",
    "subject": 1,
    "difficulty": 2,
    "test_score": 6.12253154570424,
    "reward": -4.23606797749979,
    "skills": [8.531860088849403, 0.0, 3.079893998067396],
    "step": 6,
    "episode": 30
  },
  "7": {
    "action": "train",
    "subject": 2,
    "difficulty": 3,
    "improvement": 0.09969169259433526,
    "learning_type": 3,
    "reward": -2.449489742783178,
    "skills": [8.531860088849403, 0.09969169259433526, 3.079893998067396],
    "step": 7,
    "episode": 30
  },
  "8": {
    "action": "train",
    "subject": 2,
    "difficulty": 1,
    "improvement": 1.497884999086265,
    "learning_type": 3,
    "reward": -2.6457513110645907,
    "skills": [8.531860088849403, 1.5975766916806002, 3.079893998067396],
    "step": 8,
    "episode": 30
  },
  "9": {
    "action": "train",
    "subject": 2,
    "difficulty": 2,
    "improvement": 0.36184270131317353,
    "learning_type": 3,
    "reward": -2.8284271247461903,
    "skills": [8.531860088849403, 1.9594193929937738, 3.079893998067396],
    "step": 9,
    "episode": 30
  },
  "10": {
    "action": "train",
    "subject": 1,
    "difficulty": 3,
    "improvement": 0.421877570421872,
    "learning_type": 1,
    "reward": -3.0,
    "skills": [8.953737659271274, 1.9594193929937738, 3.079893998067396],
    "step": 10,
    "episode": 30
  },
  "11": {
    "action": "train",
    "subject": 1,
    "difficulty": 1,
    "improvement": 6.920801259396934,
    "learning_type": 1,
    "reward": -3.1622776601683795,
    "skills": [15.874538918668208, 1.9594193929937738, 3.079893998067396],
    "step": 11,
    "episode": 30
  },
  "12": {
    "action": "train",
    "subject": 1,
    "difficulty": 1,
    "improvement": 1.7847532942771607,
    "learning_type": 3,
    "reward": -3.3166247903554,
    "skills": [17.659292212945367, 1.9594193929937738, 3.079893998067396],
    "step": 12,
    "episode": 30
  },
  "13": {
    "action": "train",
    "subject": 1,
    "difficulty": 1,
    "improvement": 6.7832764917533135,
    "learning_type": 1,
    "reward": -3.4641016151377544,
    "skills": [24.44256870469868, 1.9594193929937738, 3.079893998067396],
    "step": 13,
    "episode": 30
  },
  "14": {
    "action": "train",
    "subject": 1,
    "difficulty": 1,
    "improvement": 1.7901461743431444,
    "learning_type": 3,
    "reward": -3.605551275463989,
    "skills": [26.232714879041822, 1.9594193929937738, 3.079893998067396],
    "step": 14,
    "episode": 30
  },
  "15": {
    "action": "train",
    "subject": 1,
    "difficulty": 3,
    "improvement": 0.44262401434854365,
    "learning_type": 1,
    "reward": -3.7416573867739413,
    "skills": [26.675338893390364, 1.9594193929937738, 3.079893998067396],
    "step": 15,
    "episode": 30
  },
  "16": {
    "action": "train",
    "subject": 2,
    "difficulty": 1,
    "improvement": 6.876950131591044,
    "learning_type": 1,
    "reward": -3.872983346207417,
    "skills": [26.675338893390364, 8.836369524584818, 3.079893998067396],
    "step": 16,
    "episode": 30
  },
  "17": {
    "action": "train",
    "subject": 2,
    "difficulty": 3,
    "improvement": 0.468362246328085,
    "learning_type": 1,
    "reward": -4.0,
    "skills": [26.675338893390364, 9.304731770912902, 3.079893998067396],
    "step": 17,
    "episode": 30
  },
  "18": {
    "action": "train",
    "subject": 2,
    "difficulty": 3,
    "improvement": 0.08531209715587187,
    "learning_type": 3,
    "reward": -4.123105625617661,
    "skills": [26.675338893390364, 9.390043868068775, 3.079893998067396],
    "step": 18,
    "episode": 30
  },
  "19": {
    "action": "train",
    "subject": 3,
    "difficulty": 3,
    "improvement": 0.43608835199831586,
    "learning_type": 1,
    "reward": -4.242640687119285,
    "skills": [26.675338893390364, 9.390043868068775, 3.5159823500657117],
    "step": 19,
    "episode": 30
  },
  "20": {
    "action": "train",
    "subject": 2,
    "difficulty": 1,
    "improvement": 7.496215085130023,
    "learning_type": 1,
    "reward": -4.358898943540674,
    "skills": [26.675338893390364, 16.886258953198798, 3.5159823500657117],
    "step": 20,
    "episode": 30
  },
  "21": {
    "action": "train",
    "subject": 3,
    "difficulty": 2,
    "improvement": 1.8601801420764048,
    "learning_type": 1,
    "reward": -4.47213595499958,
    "skills": [26.675338893390364, 16.886258953198798, 5.376162492142116],
    "step": 21,
    "episode": 30
  },
  "22": {
    "action": "train",
    "subject": 2,
    "difficulty": 3,
    "improvement": 0.449432163731454,
    "learning_type": 1,
    "reward": -4.58257569495584,
    "skills": [26.675338893390364, 17.335691116930253, 5.376162492142116],
    "step": 22,
    "episode": 30
  },
  "23": {
    "action": "test",
    "subject": 2,
    "difficulty": 2,
    "test_score": 12.821829885385423,
    "reward": -7.245915514089422,
    "skills": [26.675338893390364, 17.335691116930253, 5.376162492142116],
    "step": 23,
    "episode": 30
  },
  "24": {
    "action": "train",
    "subject": 2,
    "difficulty": 1,
    "improvement": 1.5668425052761972,
    "learning_type": 3,
    "reward": -4.795831523312719,
    "skills": [26.675338893390364, 18.902533622206448, 5.376162492142116],
    "step": 24,
    "episode": 30
  },
  "25": {
    "action": "train",
    "subject": 2,
    "difficulty": 3,
    "improvement": 0.447982313178593,
    "learning_type": 1,
    "reward": -4.898979485566356,
    "skills": [26.675338893390364, 19.35051593538504, 5.376162492142116],
    "step": 25,
    "episode": 30
  },
  "26": {
    "action": "train",
    "subject": 2,
    "difficulty": 2,
    "improvement": 1.7555509407546515,
    "learning_type": 1,
    "reward": -5.0,
    "skills": [26.675338893390364, 21.106066876139693, 5.376162492142116],
    "step": 26,
    "episode": 30
  },
  "27": {
    "action": "train",
    "subject": 3,
    "difficulty": 3,
    "improvement": 0.11485812752527036,
    "learning_type": 3,
    "reward": -5.0990195135927845,
    "skills": [26.675338893390364, 21.106066876139693, 5.4910206196673865],
    "step": 27,
    "episode": 30
  },
  "28": {
    "action": "train",
    "subject": 2,
    "difficulty": 3,
    "improvement": 0.0356032049619384,
    "learning_type": 2,
    "reward": -5.196152422706632,
    "skills": [26.675338893390364, 21.14167008110163, 5.4910206196673865],
    "step": 28,
    "episode": 30
  },
  "29": {
    "action": "train",
    "subject": 2,
    "difficulty": 1,
    "improvement": 1.7861249802532355,
    "learning_type": 3,
    "reward": -5.291502622129181,
    "skills": [26.675338893390364, 22.927795061354864, 5.4910206196673865],
    "step": 29,
    "episode": 30
  },
  "30": {
    "action": "train",
    "subject": 3,
    "difficulty": 3,
    "improvement": 0.004377980904859192,